game_id,game_date,attendance,game_time
22100541,1/1/2022 0:00,19043,2:30
22100543,1/1/2022 0:00,18055,2:19
22100539,1/1/2022 0:00,17341,2:17
22100544,1/1/2022 0:00,18306,2:20
22100540,1/1/2022 0:00,18911,2:41
22100542,1/1/2022 0:00,17732,2:25
22100549,1/2/2022 0:00,19088,2:05
22100547,1/2/2022 0:00,17808,2:17
22100548,1/2/2022 0:00,13699,2:09
22100550,1/2/2022 0:00,14751,1:57
22100545,1/2/2022 0:00,0,2:12
22100546,1/2/2022 0:00,19156,2:41
22100553,1/3/2022 0:00,8902,2:15
22100554,1/3/2022 0:00,17089,2:14
22100556,1/3/2022 0:00,17341,2:15
22100555,1/3/2022 0:00,20502,2:17
22100557,1/3/2022 0:00,15057,2:24
22100558,1/3/2022 0:00,19767,2:11
22100559,1/3/2022 0:00,18064,2:12
22100565,1/4/2022 0:00,15158,2:12
22100563,1/4/2022 0:00,,2:03
22100562,1/4/2022 0:00,18178,2:10
22100566,1/4/2022 0:00,17919,2:13
22100564,1/4/2022 0:00,18449,2:18
22100570,1/5/2022 0:00,19156,2:06
22100571,1/5/2022 0:00,14176,2:24
22100573,1/5/2022 0:00,17341,2:15
22100574,1/5/2022 0:00,14375,2:05
22100575,1/5/2022 0:00,14056,2:11
22100572,1/5/2022 0:00,20441,2:16
22100567,1/5/2022 0:00,14427,2:06
22100568,1/5/2022 0:00,13116,2:21
22100576,1/5/2022 0:00,15773,2:29
22100569,1/5/2022 0:00,13014,2:25
22100580,1/6/2022 0:00,15986,2:19
22100578,1/6/2022 0:00,17529,2:21
22100581,1/6/2022 0:00,17071,2:12
22100579,1/6/2022 0:00,12983,2:07
22100589,1/7/2022 0:00,18997,2:20
22100582,1/7/2022 0:00,20265,2:10
22100588,1/7/2022 0:00,15966,2:11
22100583,1/7/2022 0:00,17732,2:12
22100587,1/7/2022 0:00,14874,2:15
22100585,1/7/2022 0:00,21700,2:10
22100590,1/7/2022 0:00,16708,2:08
22100584,1/7/2022 0:00,,2:07
22100591,1/8/2022 0:00,17936,2:16
22100596,1/8/2022 0:00,17071,2:11
22100595,1/8/2022 0:00,19156,2:01
22100592,1/8/2022 0:00,19139,2:24
22100593,1/8/2022 0:00,18644,2:18
22100594,1/8/2022 0:00,13160,2:13
22100599,1/9/2022 0:00,,2:12
22100606,1/9/2022 0:00,18288,2:13
22100605,1/9/2022 0:00,16408,2:07
22100597,1/9/2022 0:00,14836,1:59
22100604,1/9/2022 0:00,18064,1:58
22100603,1/9/2022 0:00,20041,1:54
22100602,1/9/2022 0:00,15606,2:24
22100598,1/9/2022 0:00,13223,2:17
22100601,1/9/2022 0:00,14772,2:03
22100609,1/10/2022 0:00,19156,2:40
22100611,1/10/2022 0:00,12110,2:09
22100486,1/10/2022 0:00,16379,2:14
22100607,1/10/2022 0:00,14253,2:17
22100610,1/10/2022 0:00,16569,2:03
22100711,1/10/2022 0:00,13593,2:07
22100608,1/10/2022 0:00,17834,2:07
22100613,1/11/2022 0:00,,2:15
22100614,1/11/2022 0:00,17794,2:12
22100415,1/11/2022 0:00,19886,2:09
22100612,1/11/2022 0:00,13985,2:11
22100615,1/11/2022 0:00,15155,2:31
22100626,1/12/2022 0:00,12199,2:13
22100620,1/12/2022 0:00,13138,2:05
22100622,1/12/2022 0:00,18215,2:09
22100624,1/12/2022 0:00,18306,2:03
22100625,1/12/2022 0:00,21698,2:15
22100619,1/12/2022 0:00,20317,2:10
22100621,1/12/2022 0:00,15355,2:07
22100631,1/13/2022 0:00,14972,2:18
22100628,1/13/2022 0:00,15881,2:24
22100627,1/13/2022 0:00,17848,2:13
22100630,1/13/2022 0:00,16964,2:09
22100629,1/13/2022 0:00,15406,2:04
22100633,1/14/2022 0:00,18011,2:22
22100636,1/14/2022 0:00,19600,2:27
22100638,1/14/2022 0:00,12160,2:11
22100639,1/14/2022 0:00,16712,2:09
22100635,1/14/2022 0:00,20444,2:12
22100637,1/14/2022 0:00,21174,2:08
22100634,1/14/2022 0:00,14019,2:13
22100640,1/14/2022 0:00,12857,2:14
22100632,1/14/2022 0:00,16011,2:15
22100642,1/15/2022 0:00,15124,2:20
22100641,1/15/2022 0:00,17341,2:22
22100644,1/15/2022 0:00,17034,2:10
22100645,1/15/2022 0:00,19600,2:14
22100643,1/15/2022 0:00,16414,2:12
22100648,1/15/2022 0:00,13223,2:03
22100647,1/15/2022 0:00,19156,2:10
22100649,1/15/2022 0:00,19520,2:02
22100650,1/15/2022 0:00,19816,2:15
22100617,1/16/2022 0:00,18178,2:19
22100653,1/16/2022 0:00,15647,2:05
22100663,1/17/2022 0:00,19266,2:13
22100658,1/17/2022 0:00,17794,2:15
22100657,1/17/2022 0:00,18105,2:10
22100655,1/17/2022 0:00,19812,2:00
22100660,1/17/2022 0:00,16903,2:30
22100656,1/17/2022 0:00,14581,2:10
22100659,1/17/2022 0:00,15080,2:20
22100665,1/17/2022 0:00,17238,2:23
22100664,1/17/2022 0:00,10422,2:02
22100661,1/17/2022 0:00,13648,2:10
22100666,1/18/2022 0:00,16071,2:34
22100667,1/18/2022 0:00,18064,2:10
22100672,1/19/2022 0:00,19600,2:13
22100680,1/19/2022 0:00,17818,2:13
22100678,1/19/2022 0:00,14547,2:36
22100669,1/19/2022 0:00,15380,2:19
22100668,1/19/2022 0:00,20081,2:07
22100679,1/19/2022 0:00,12907,2:22
22100675,1/19/2022 0:00,19218,2:19
22100676,1/19/2022 0:00,11848,2:06
22100674,1/19/2022 0:00,17341,2:22
22100671,1/19/2022 0:00,19156,2:18
22100673,1/19/2022 0:00,20824,2:07
22100670,1/19/2022 0:00,15199,2:27
22100682,1/20/2022 0:00,19584,2:21
22100683,1/20/2022 0:00,18064,2:59
22100693,1/21/2022 0:00,18306,2:21
22100689,1/21/2022 0:00,14755,2:05
22100686,1/21/2022 0:00,20182,2:12
22100685,1/21/2022 0:00,18846,2:20
22100687,1/21/2022 0:00,16385,2:18
22100688,1/21/2022 0:00,19156,2:25
22100684,1/21/2022 0:00,15835,2:05
22100691,1/21/2022 0:00,15068,2:07
22100690,1/21/2022 0:00,18013,2:31
22100692,1/21/2022 0:00,17009,2:26
22100694,1/21/2022 0:00,18064,2:21
22100695,1/22/2022 0:00,19432,2:28
22100697,1/22/2022 0:00,17071,2:07
22100696,1/22/2022 0:00,17341,2:12
22100704,1/23/2022 0:00,16437,2:06
22100703,1/23/2022 0:00,15822,2:17
22100700,1/23/2022 0:00,19973,2:29
22100708,1/23/2022 0:00,18064,2:04
22100699,1/23/2022 0:00,16371,2:01
22100702,1/23/2022 0:00,,2:10
22100707,1/23/2022 0:00,14060,2:22
22100698,1/23/2022 0:00,19812,2:09
22100705,1/23/2022 0:00,19701,2:19
22100706,1/23/2022 0:00,16475,2:15
22100712,1/24/2022 0:00,15581,2:27
22100713,1/24/2022 0:00,17071,2:02
22100730,1/24/2022 0:00,14378,0:00
22100709,1/24/2022 0:00,17321,2:10
22100718,1/25/2022 0:00,18126,2:13
22100721,1/25/2022 0:00,16422,2:21
22100720,1/25/2022 0:00,18064,2:12
22100719,1/25/2022 0:00,15007,2:03
22100454,1/25/2022 0:00,20121,2:12
22100716,1/25/2022 0:00,13544,2:32
22100717,1/25/2022 0:00,19156,0:00
22100714,1/25/2022 0:00,16023,2:19
22100715,1/25/2022 0:00,,2:16
22100731,1/26/2022 0:00,18306,2:25
22100725,1/26/2022 0:00,15080,2:04
22100732,1/26/2022 0:00,16334,2:14
22100728,1/26/2022 0:00,14662,2:16
22100453,1/26/2022 0:00,18011,2:17
22100472,1/26/2022 0:00,20269,2:16
22100727,1/26/2022 0:00,19600,2:16
22100724,1/26/2022 0:00,12448,2:17
22100723,1/26/2022 0:00,14116,2:24
22100722,1/26/2022 0:00,18904,2:09
22100734,1/27/2022 0:00,18064,2:20
22100733,1/27/2022 0:00,20953,2:11
22100741,1/28/2022 0:00,15106,2:32
22100740,1/28/2022 0:00,16916,2:09
22100736,1/28/2022 0:00,13156,2:17
22100737,1/28/2022 0:00,16932,2:13
22100735,1/28/2022 0:00,19469,2:37
22100739,1/28/2022 0:00,16100,2:14
22100729,1/28/2022 0:00,15254,2:15
22100738,1/28/2022 0:00,19600,2:22
22100742,1/28/2022 0:00,18354,2:07
22100743,1/28/2022 0:00,17071,2:23
22100744,1/28/2022 0:00,17341,2:27
22100747,1/29/2022 0:00,20380,2:10
22100749,1/29/2022 0:00,17135,2:04
22100746,1/29/2022 0:00,19831,2:06
22100748,1/29/2022 0:00,19600,2:59
22100745,1/29/2022 0:00,16168,2:06
22100750,1/29/2022 0:00,18064,2:25
22100753,1/30/2022 0:00,19521,1:57
22100751,1/30/2022 0:00,17391,2:13
22100756,1/30/2022 0:00,17341,2:01
22100755,1/30/2022 0:00,13376,2:13
22100757,1/30/2022 0:00,10407,2:10
22100758,1/30/2022 0:00,17071,1:58
22100759,1/31/2022 0:00,17637,2:11
22100760,1/31/2022 0:00,14629,2:04
22100761,1/31/2022 0:00,20424,2:27
22100767,1/31/2022 0:00,14168,2:03
22100762,1/31/2022 0:00,19156,2:05
22100764,1/31/2022 0:00,16146,2:25
22100769,2/1/2022 0:00,20217,2:06
22100784,2/1/2022 0:00,,2:17
22100768,2/1/2022 0:00,17341,2:18
22100766,2/1/2022 0:00,15499,2:20
22100771,2/1/2022 0:00,17070,2:16
22100770,2/1/2022 0:00,15839,2:08
22100772,2/1/2022 0:00,17071,2:22
22100774,2/2/2022 0:00,20089,2:11
22100773,2/2/2022 0:00,14528,2:24
22100775,2/2/2022 0:00,19156,2:13
22100776,2/2/2022 0:00,19812,2:25
22100778,2/2/2022 0:00,19200,2:22
22100780,2/2/2022 0:00,13153,2:01
22100779,2/2/2022 0:00,18306,2:16
22100781,2/2/2022 0:00,17259,2:19
22100785,2/3/2022 0:00,18064,2:09
22100786,2/3/2022 0:00,19068,2:22
22100782,2/3/2022 0:00,15523,2:15
22100787,2/4/2022 0:00,17733,2:16
22100791,2/4/2022 0:00,19200,0.125
22100795,2/4/2022 0:00,15329,2:13
22100788,2/4/2022 0:00,17584,2:09
22100789,2/4/2022 0:00,16355,2:13
22100794,2/4/2022 0:00,16152,2:08
22100790,2/4/2022 0:00,,2:02
22100798,2/5/2022 0:00,18058,2:03
22100797,2/5/2022 0:00,19420,2:00
22100800,2/5/2022 0:00,19393,2:08
22100801,2/5/2022 0:00,14097,2:05
22100799,2/5/2022 0:00,18997,2:48
22100803,2/6/2022 0:00,16487,2:09
22100802,2/6/2022 0:00,20233,2:14
22100807,2/6/2022 0:00,19887,2:14
22100809,2/6/2022 0:00,17395,2:08
22100804,2/6/2022 0:00,18241,2:07
22100805,2/6/2022 0:00,19432,2:20
22100808,2/6/2022 0:00,15702,2:13
22100806,2/6/2022 0:00,14402,2:06
22100814,2/7/2022 0:00,18306,2:23
22100812,2/7/2022 0:00,20615,2:10
22100813,2/7/2022 0:00,17009,2:08
22100810,2/7/2022 0:00,14102,2:09
22100811,2/7/2022 0:00,14222,2:12
22100819,2/8/2022 0:00,15121,2:15
22100818,2/8/2022 0:00,16101,2:10
22100816,2/8/2022 0:00,14265,2:07
22100824,2/8/2022 0:00,12409,2:07
22100823,2/8/2022 0:00,16024,1:58
22100815,2/8/2022 0:00,20720,2:11
22100822,2/8/2022 0:00,18997,2:26
22100817,2/8/2022 0:00,17732,2:06
22100820,2/8/2022 0:00,19200,2:07
22100821,2/8/2022 0:00,15093,2:09
22100826,2/9/2022 0:00,19099,2:12
22100827,2/9/2022 0:00,13858,1:57
22100830,2/9/2022 0:00,12527,2:19
22100825,2/9/2022 0:00,19432,2:01
22100833,2/10/2022 0:00,16672,2:09
22100831,2/10/2022 0:00,18744,2:17
22100837,2/10/2022 0:00,18064,2:20
22100832,2/10/2022 0:00,15204,2:21
22100835,2/10/2022 0:00,19532,2:22
22100844,2/11/2022 0:00,18306,2:07
22100843,2/11/2022 0:00,20092,2:06
22100841,2/11/2022 0:00,17234,2:09
22100838,2/11/2022 0:00,20088,2:08
22100839,2/11/2022 0:00,15075,2:17
22100840,2/11/2022 0:00,20669,2:05
22100853,2/12/2022 0:00,20028,2:16
22100855,2/12/2022 0:00,17071,1:58
22100854,2/12/2022 0:00,18064,2:31
22100845,2/12/2022 0:00,18521,2:16
22100850,2/12/2022 0:00,0,2:08
22100846,2/12/2022 0:00,19454,2:33
22100847,2/12/2022 0:00,14169,2:09
22100857,2/13/2022 0:00,13532,2:14
22100856,2/13/2022 0:00,19156,2:15
22100861,2/14/2022 0:00,21153,2:08
22100866,2/14/2022 0:00,19068,2:05
22100865,2/14/2022 0:00,18306,2:12
22100863,2/14/2022 0:00,15319,2:05
22100862,2/14/2022 0:00,17341,2:07
22100858,2/14/2022 0:00,10793,2:12
22100860,2/14/2022 0:00,18433,2:32
22100871,2/15/2022 0:00,17136,2:48
22100873,2/15/2022 0:00,17071,2:07
22100868,2/15/2022 0:00,19600,2:21
22100870,2/15/2022 0:00,17341,2:22
22100872,2/15/2022 0:00,15901,2:13
22100869,2/15/2022 0:00,20960,2:20
22100867,2/15/2022 0:00,15947,2:12
22100879,2/16/2022 0:00,16834,2:30
22100884,2/16/2022 0:00,17787,2:28
22100874,2/16/2022 0:00,14398,2:01
22100875,2/16/2022 0:00,19156,2:10
22100876,2/16/2022 0:00,14540,2:16
22100881,2/16/2022 0:00,14920,2:14
22100878,2/16/2022 0:00,19166,2:12
22100880,2/16/2022 0:00,15982,2:17
22100883,2/16/2022 0:00,18064,2:24
22100886,2/17/2022 0:00,15906,2:07
22100885,2/17/2022 0:00,17029,2:52
22100887,2/17/2022 0:00,17341,2:29
22100888,2/17/2022 0:00,17519,2:11
22100464,2/17/2022 0:00,17477,2:10
22100895,2/24/2022 0:00,15855,2:11
22100890,2/24/2022 0:00,17986,2:13
22100894,2/24/2022 0:00,20098,2:22
22100889,2/24/2022 0:00,15622,2:19
22100891,2/24/2022 0:00,21236,2:22
22100892,2/24/2022 0:00,16326,2:25
22100893,2/24/2022 0:00,14176,1:58
22100896,2/25/2022 0:00,17577,1:59
22100902,2/25/2022 0:00,17071,2:13
22100904,2/25/2022 0:00,18997,2:33
22100898,2/25/2022 0:00,16631,2:17
22100899,2/25/2022 0:00,15302,2:56
22100900,2/25/2022 0:00,19812,2:28
22100901,2/25/2022 0:00,16684,2:17
22100897,2/25/2022 0:00,15182,2:26
22100909,2/26/2022 0:00,21959,2:19
22100910,2/26/2022 0:00,17341,2:42
22100906,2/26/2022 0:00,17870,2:10
22100907,2/26/2022 0:00,19432,2:10
22100911,2/26/2022 0:00,19520,2:29
22100905,2/26/2022 0:00,19122,2:21
22100917,2/27/2022 0:00,18064,2:24
22100913,2/27/2022 0:00,17071,2:18
22100918,2/27/2022 0:00,17771,2:13
22100914,2/27/2022 0:00,16872,2:12
22100912,2/27/2022 0:00,19812,2:29
22100919,2/27/2022 0:00,17536,2:16
22100916,2/27/2022 0:00,14324,2:22
22100920,2/28/2022 0:00,18421,2:34
22100923,2/28/2022 0:00,16812,2:08
22100921,2/28/2022 0:00,13014,2:11
22100924,2/28/2022 0:00,17341,2:26
22100925,2/28/2022 0:00,13945,2:11
22100922,2/28/2022 0:00,19683,2:09
22100726,2/28/2022 0:00,17112,2:08
22100927,3/1/2022 0:00,19156,2:19
22100928,3/1/2022 0:00,18903,2:15
22100926,3/1/2022 0:00,12122,2:19
22100931,3/1/2022 0:00,17857,2:20
22100929,3/1/2022 0:00,12949,2:07
22100930,3/1/2022 0:00,17136,2:17
22100934,3/2/2022 0:00,21333,2:22
22100936,3/2/2022 0:00,17341,2:17
22100933,3/2/2022 0:00,11221,2:33
22100935,3/2/2022 0:00,13583,2:38
22100937,3/2/2022 0:00,15490,2:06
22100938,3/2/2022 0:00,15167,2:03
22100932,3/2/2022 0:00,19019,2:10
22100942,3/3/2022 0:00,19548,2:29
22100941,3/3/2022 0:00,17732,2:22
22100943,3/3/2022 0:00,20229,2:11
22100944,3/3/2022 0:00,13049,2:18
22100940,3/3/2022 0:00,19156,2:11
22100945,3/3/2022 0:00,19068,2:15
22100949,3/4/2022 0:00,21259,2:31
22100951,3/4/2022 0:00,15180,2:06
22100952,3/4/2022 0:00,16254,2:14
22100458,3/4/2022 0:00,19081,2:06
22100946,3/4/2022 0:00,17244,2:11
22100948,3/4/2022 0:00,15927,2:18
22100950,3/4/2022 0:00,16178,2:07
22100953,3/4/2022 0:00,17071,2:30
22100958,3/5/2022 0:00,17136,2:22
22100954,3/5/2022 0:00,20060,2:23
22100959,3/5/2022 0:00,18997,2:24
22100956,3/5/2022 0:00,19704,2:09
22100957,3/5/2022 0:00,17794,2:00
22100967,3/6/2022 0:00,14962,2:44
22100960,3/6/2022 0:00,19156,2:23
22100962,3/6/2022 0:00,19432,2:18
22100964,3/6/2022 0:00,18055,2:22
22100961,3/6/2022 0:00,17495,2:20
22100963,3/6/2022 0:00,13937,2:14
22100965,3/6/2022 0:00,15079,2:06
22100968,3/7/2022 0:00,14942,2:39
22100528,3/7/2022 0:00,19542,2:21
22100971,3/7/2022 0:00,16035,2:26
22100969,3/7/2022 0:00,20381,2:22
22100970,3/7/2022 0:00,19600,2:12
22100972,3/7/2022 0:00,20077,2:12
22100974,3/7/2022 0:00,14720,2:18
22100975,3/8/2022 0:00,17230,2:13
22100977,3/8/2022 0:00,14024,2:16
22100978,3/8/2022 0:00,16433,2:17
22100979,3/8/2022 0:00,15743,2:08
22100980,3/8/2022 0:00,18064,2:15
22100976,3/8/2022 0:00,14066,2:17
22100992,3/9/2022 0:00,15282,2:13
22100987,3/9/2022 0:00,15633,2:13
22100986,3/9/2022 0:00,16191,2:06
22100984,3/9/2022 0:00,17341,2:07
22100989,3/9/2022 0:00,15121,2:05
22100983,3/9/2022 0:00,19600,2:04
22100985,3/9/2022 0:00,18055,2:33
22100990,3/9/2022 0:00,18306,2:13
22100991,3/9/2022 0:00,14697,2:17
22100981,3/9/2022 0:00,18086,2:08
22100982,3/9/2022 0:00,18022,2:10
22100993,3/10/2022 0:00,21408,2:17
22100997,3/11/2022 0:00,19156,2:15
22101003,3/11/2022 0:00,17071,2:15
22100999,3/11/2022 0:00,15060,2:13
22101001,3/11/2022 0:00,16838,2:09
22100998,3/11/2022 0:00,19600,2:16
22100995,3/11/2022 0:00,14557,2:07
22101002,3/11/2022 0:00,15753,2:31
22101004,3/11/2022 0:00,18997,2:16
22100996,3/11/2022 0:00,16862,2:10
22101006,3/12/2022 0:00,21727,2:08
22101010,3/12/2022 0:00,18306,2:10
22101009,3/12/2022 0:00,18659,2:08
22101011,3/12/2022 0:00,17524,2:08
22101008,3/12/2022 0:00,18064,2:15
22101005,3/12/2022 0:00,19600,2:18
22101007,3/12/2022 0:00,14605,2:13
22101012,3/13/2022 0:00,18057,2:27
22101013,3/13/2022 0:00,19313,2:11
22101016,3/13/2022 0:00,17038,2:18
22101019,3/13/2022 0:00,17071,2:14
22101014,3/13/2022 0:00,19156,2:14
22101017,3/13/2022 0:00,15683,2:09
22101021,3/14/2022 0:00,16432,2:24
22101022,3/14/2022 0:00,21444,2:20
22101028,3/14/2022 0:00,18228,2:15
22101023,3/14/2022 0:00,15810,2:09
22101024,3/14/2022 0:00,14143,2:26
22101027,3/14/2022 0:00,18306,2:34
22101026,3/14/2022 0:00,15943,2:15
22101020,3/14/2022 0:00,18742,2:30
22101025,3/14/2022 0:00,18064,2:10
22101029,3/15/2022 0:00,15027,2:11
22101031,3/15/2022 0:00,19600,2:16
22101030,3/15/2022 0:00,15282,2:16
22101032,3/15/2022 0:00,16789,2:09
22101034,3/16/2022 0:00,19432,2:19
22101039,3/16/2022 0:00,17136,2:21
22101035,3/16/2022 0:00,15326,2:13
22101037,3/16/2022 0:00,18213,2:08
22101043,3/16/2022 0:00,15864,2:21
22101036,3/16/2022 0:00,17981,2:17
22101038,3/16/2022 0:00,18055,2:04
22101040,3/16/2022 0:00,14994,2:13
22101044,3/16/2022 0:00,19068,2:04
22101033,3/16/2022 0:00,16648,2:07
22101042,3/16/2022 0:00,18064,2:14
22101045,3/17/2022 0:00,14369,2:14
22101047,3/18/2022 0:00,18062,2:14
22101050,3/18/2022 0:00,19812,2:19
22101048,3/18/2022 0:00,17732,2:26
22101046,3/18/2022 0:00,21428,2:10
22101052,3/18/2022 0:00,19600,2:01
22101054,3/18/2022 0:00,18354,2:03
22101055,3/18/2022 0:00,18306,2:04
22101053,3/18/2022 0:00,13748,2:15
22101057,3/18/2022 0:00,15313,2:04
22101056,3/18/2022 0:00,17071,2:08
22101049,3/18/2022 0:00,19432,2:34
22101059,3/19/2022 0:00,19279,2:10
22101061,3/19/2022 0:00,20476,2:14
22101058,3/19/2022 0:00,17136,2:16
22101060,3/19/2022 0:00,19432,2:10
22101066,3/20/2022 0:00,17583,2:38
22101063,3/20/2022 0:00,18055,2:13
22101067,3/20/2022 0:00,19812,2:12
22101070,3/20/2022 0:00,18064,2:18
22101065,3/20/2022 0:00,15012,2:09
22101069,3/20/2022 0:00,21180,2:21
22101068,3/20/2022 0:00,19602,2:04
22101062,3/20/2022 0:00,16067,2:07
22101076,3/21/2022 0:00,21778,2:04
22101072,3/21/2022 0:00,19432,2:07
22101073,3/21/2022 0:00,14923,2:33
22101074,3/21/2022 0:00,21386,2:09
22101078,3/21/2022 0:00,15345,2:12
22101075,3/21/2022 0:00,17887,2:07
22101077,3/21/2022 0:00,13936,2:14
22101071,3/21/2022 0:00,13351,2:10
22101079,3/21/2022 0:00,20077,2:20
22101082,3/22/2022 0:00,17983,2:01
22101081,3/22/2022 0:00,19812,2:20
22101083,3/22/2022 0:00,16089,2:18
22101080,3/22/2022 0:00,17164,2:23
22101090,3/23/2022 0:00,17136,2:21
22101091,3/23/2022 0:00,14393,2:13
22101088,3/23/2022 0:00,19600,2:19
22101089,3/23/2022 0:00,17794,2:16
22101087,3/23/2022 0:00,19156,2:02
22101094,3/23/2022 0:00,16610,2:06
22101085,3/23/2022 0:00,16212,2:02
22101086,3/23/2022 0:00,14227,2:07
22101084,3/23/2022 0:00,16290,2:04
22101093,3/23/2022 0:00,18997,2:20
22101097,3/24/2022 0:00,18018,2:06
22101098,3/24/2022 0:00,13973,2:17
22101099,3/24/2022 0:00,19520,2:18
22101096,3/24/2022 0:00,16205,2:02
22101095,3/24/2022 0:00,19800,2:07
22101105,3/25/2022 0:00,16947,2:11
22101103,3/25/2022 0:00,19600,2:20
22101104,3/25/2022 0:00,17136,2:12
22101102,3/25/2022 0:00,17724,2:08
22101100,3/25/2022 0:00,19162,2:12
22101106,3/25/2022 0:00,19068,2:14
22101101,3/25/2022 0:00,18943,2:13
22101112,3/26/2022 0:00,17794,2:19
22101111,3/26/2022 0:00,19600,2:16
22101109,3/26/2022 0:00,19800,2:56
22101107,3/26/2022 0:00,13097,2:12
22101110,3/26/2022 0:00,19432,2:34
22101108,3/26/2022 0:00,16366,2:14
22101113,3/26/2022 0:00,19520,2:08
22101114,3/26/2022 0:00,17821,2:10
22101117,3/27/2022 0:00,20476,2:23
22101119,3/27/2022 0:00,18516,2:11
22101115,3/27/2022 0:00,19304,2:12
22101120,3/27/2022 0:00,18166,2:15
22101118,3/27/2022 0:00,17071,2:15
22101121,3/27/2022 0:00,20177,2:05
22101128,3/28/2022 0:00,18055,2:14
22101127,3/28/2022 0:00,19800,2:27
22101122,3/28/2022 0:00,17614,2:23
22101125,3/28/2022 0:00,19600,1:56
22101126,3/28/2022 0:00,19812,2:22
22101129,3/28/2022 0:00,17011,2:18
22101124,3/28/2022 0:00,14212,2:17
22101130,3/28/2022 0:00,18188,2:28
22101133,3/29/2022 0:00,17559,2:13
22101131,3/29/2022 0:00,21467,2:16
22101132,3/29/2022 0:00,15922,2:06
22101134,3/29/2022 0:00,20382,2:06
22101135,3/29/2022 0:00,19068,2:32
22101136,3/30/2022 0:00,19432,2:07
22101142,3/30/2022 0:00,13365,2:28
22101144,3/30/2022 0:00,15821,2:05
22101146,3/30/2022 0:00,18551,2:13
22101145,3/30/2022 0:00,18064,2:30
22101143,3/30/2022 0:00,15595,2:03
22101140,3/30/2022 0:00,19812,2:16
22101139,3/30/2022 0:00,19156,2:23
22101138,3/30/2022 0:00,16455,2:07
22101147,3/31/2022 0:00,20023,2:15
22101148,3/31/2022 0:00,17917,2:44
22101150,3/31/2022 0:00,18306,2:17
22100452,3/31/2022 0:00,17491,2:09
22101160,4/1/2022 0:00,18997,2:25
22101151,4/1/2022 0:00,17566,2:05
22101158,4/1/2022 0:00,17512,2:02
22101155,4/1/2022 0:00,17794,2:16
22101156,4/1/2022 0:00,18023,2:07
22101153,4/1/2022 0:00,19156,2:21
22101152,4/1/2022 0:00,17745,2:10
22101163,4/2/2022 0:00,18126,2:27
22101162,4/2/2022 0:00,19812,2:12
22101164,4/2/2022 0:00,21697,2:11
22101161,4/2/2022 0:00,21509,2:06
22101165,4/2/2022 0:00,18064,2:15
22101170,4/3/2022 0:00,19432,2:22
22101166,4/3/2022 0:00,19156,2:01
22101167,4/3/2022 0:00,17902,2:27
22101174,4/3/2022 0:00,17078,2:02
22101173,4/3/2022 0:00,16539,2:20
22101176,4/3/2022 0:00,17583,2:14
22101168,4/3/2022 0:00,18997,2:23
22101175,4/3/2022 0:00,15816,2:13
22101169,4/3/2022 0:00,17407,2:09
22101172,4/3/2022 0:00,19800,2:18
22101177,4/3/2022 0:00,16840,2:07
22101171,4/3/2022 0:00,15747,0:00
22101182,4/5/2022 0:00,19800,2:06
22101189,4/5/2022 0:00,17071,2:08
22101179,4/5/2022 0:00,16897,2:06
22101180,4/5/2022 0:00,17768,2:08
22101181,4/5/2022 0:00,19600,2:09
22101185,4/5/2022 0:00,14674,2:01
22101184,4/5/2022 0:00,17136,2:10
22101183,4/5/2022 0:00,20799,2:19
22101186,4/5/2022 0:00,17037,2:09
22101187,4/5/2022 0:00,18306,2:35
22101188,4/5/2022 0:00,16047,2:10
22101178,4/5/2022 0:00,15583,2:12
22101195,4/6/2022 0:00,19068,2:30
22101190,4/6/2022 0:00,18422,2:13
22101192,4/6/2022 0:00,17381,2:00
22101194,4/6/2022 0:00,18306,2:07
22101191,4/6/2022 0:00,19812,2:21
22101193,4/6/2022 0:00,21095,2:13
22101198,4/7/2022 0:00,18046,2:26
22101197,4/7/2022 0:00,19800,2:08
22101202,4/7/2022 0:00,18064,2:20
22101199,4/7/2022 0:00,17136,2:24
22101200,4/7/2022 0:00,12432,2:08
22101206,4/8/2022 0:00,19800,2:05
22101205,4/8/2022 0:00,18169,2:14
22101211,4/8/2022 0:00,18997,2:08
22101210,4/8/2022 0:00,18306,2:19
22101209,4/8/2022 0:00,20174,2:07
22101203,4/8/2022 0:00,22088,2:06
22101208,4/8/2022 0:00,21461,2:01
22101207,4/8/2022 0:00,19993,2:10
22101213,4/9/2022 0:00,17207,2:11
22101214,4/9/2022 0:00,21171,2:19
22101215,4/9/2022 0:00,18627,2:16
22101212,4/9/2022 0:00,17568,2:09
22101230,4/10/2022 0:00,18123,2:19
22101222,4/10/2022 0:00,18210,1:53
22101219,4/10/2022 0:00,20270,2:03
22101223,4/10/2022 0:00,17441,2:09
22101229,4/10/2022 0:00,17071,2:17
22101224,4/10/2022 0:00,17136,2:23
22101228,4/10/2022 0:00,21459,2:09
22101227,4/10/2022 0:00,19253,1:56
22101226,4/10/2022 0:00,19812,2:00
22101216,4/10/2022 0:00,17967,2:16
22101221,4/10/2022 0:00,18055,2:11
22101218,4/10/2022 0:00,19432,2:06
22101225,4/10/2022 0:00,16595,2:07
22101220,4/10/2022 0:00,19520,2:49
12100001,10/3/2021 0:00,16000,2:28
12100009,10/4/2021 0:00,,2:00
12100002,10/4/2021 0:00,8016,2:10
12100003,10/4/2021 0:00,19156,2:08
12100004,10/4/2021 0:00,19600,2:09
12100006,10/4/2021 0:00,,2:07
12100005,10/4/2021 0:00,5715,2:20
12100007,10/4/2021 0:00,10174,2:05
12100008,10/4/2021 0:00,13936,2:03
12100010,10/4/2021 0:00,7825,2:17
12100013,10/5/2021 0:00,11495,3:25
12100014,10/5/2021 0:00,,2:52
12100012,10/5/2021 0:00,11777,2:07
12100011,10/5/2021 0:00,10090,2:05
12100016,10/6/2021 0:00,11158,2:14
12100019,10/6/2021 0:00,16923,2:12
12100018,10/6/2021 0:00,15841,2:01
12100017,10/6/2021 0:00,12407,2:07
12100021,10/6/2021 0:00,8122,2:05
12100015,10/6/2021 0:00,5423,2:08
12100023,10/7/2021 0:00,11732,2:07
12100022,10/7/2021 0:00,8916,2:08
12100024,10/7/2021 0:00,10491,2:32
12100031,10/8/2021 0:00,18064,2:22
12100030,10/8/2021 0:00,11927,2:35
12100028,10/8/2021 0:00,17853,2:16
12100027,10/8/2021 0:00,13909,0.083333333
12100026,10/8/2021 0:00,12770,2:14
12100025,10/8/2021 0:00,10024,2:07
12100029,10/8/2021 0:00,15160,2:02
12100034,10/9/2021 0:00,11027,1:56
12100032,10/9/2021 0:00,19156,2:15
12100038,10/10/2021 0:00,13844,2:17
12100036,10/10/2021 0:00,10003,2:16
12100037,10/10/2021 0:00,12442,2:02
12100035,10/10/2021 0:00,12509,2:07
12100045,10/11/2021 0:00,4850,2:06
12100044,10/11/2021 0:00,,2:05
12100043,10/11/2021 0:00,15535,2:04
12100041,10/11/2021 0:00,14522,2:08
12100042,10/11/2021 0:00,10286,2:06
12100040,10/11/2021 0:00,19600,2:14
12100039,10/11/2021 0:00,9245,2:11
12100046,10/12/2021 0:00,7048,2:07
12100054,10/13/2021 0:00,9772,2:02
12100048,10/13/2021 0:00,8583,2:10
12100053,10/13/2021 0:00,16016,2:02
12100052,10/13/2021 0:00,,2:08
12100051,10/13/2021 0:00,11226,2:14
12100050,10/13/2021 0:00,13519,2:06
12100049,10/13/2021 0:00,5997,2:12
12100055,10/14/2021 0:00,12527,2:08
12100056,10/14/2021 0:00,11210,2:12
12100057,10/14/2021 0:00,,2:20
12100058,10/14/2021 0:00,,2:15
12100059,10/15/2021 0:00,19600,2:19
12100066,10/15/2021 0:00,18064,2:05
12100064,10/15/2021 0:00,12946,2:03
12100063,10/15/2021 0:00,14412,2:08
12100062,10/15/2021 0:00,12258,2:19
12100060,10/15/2021 0:00,7623,2:11
12100061,10/15/2021 0:00,6028,2:04
42100151,4/16/2022 0:00,17794,2:47
42100161,4/16/2022 0:00,18064,2:24
42100171,4/16/2022 0:00,20013,2:29
42100141,4/17/2022 0:00,17071,2:24
42100121,4/17/2022 0:00,17717,2:23
42100111,4/17/2022 0:00,19156,2:25
42100101,4/17/2022 0:00,19514,2:17
42100172,4/18/2022 0:00,20113,2:15
42100162,4/18/2022 0:00,18064,2:30
42100132,4/18/2022 0:00,20974,2:23
42100142,4/19/2022 0:00,17071,2:17
42100152,4/19/2022 0:00,17794,2:27
42100102,4/19/2022 0:00,19950,2:30
42100122,4/20/2022 0:00,17688,2:34
42100112,4/20/2022 0:00,19156,2:35
42100133,4/20/2022 0:00,19800,2:38
42100153,4/21/2022 0:00,19634,2:29
42100173,4/21/2022 0:00,18306,2:37
42100163,4/21/2022 0:00,19627,2:34
42100103,4/22/2022 0:00,18421,2:24
42100143,4/22/2022 0:00,18962,2:38
42100123,4/22/2022 0:00,22667,2:04
42100134,4/23/2022 0:00,19800,2:29
42100113,4/23/2022 0:00,18175,2:17
42100154,4/23/2022 0:00,19832,2:57
42100104,4/24/2022 0:00,18951,2:22
42100144,4/24/2022 0:00,18962,2:32
42100164,4/24/2022 0:00,19628,2:46
42100124,4/24/2022 0:00,22020,2:22
42100114,4/25/2022 0:00,18099,2:30
42100135,4/25/2022 0:00,20517,2:12
42100155,4/26/2022 0:00,17794,2:46
42100145,4/26/2022 0:00,17071,2:25
42100105,4/26/2022 0:00,19553,2:45
42100125,4/27/2022 0:00,17506,2:18
42100165,4/27/2022 0:00,18064,2:27
42100176,4/28/2022 0:00,18306,2:13
42100136,4/28/2022 0:00,19800,2:27
42100146,4/28/2022 0:00,18710,2:24
42100156,4/29/2022 0:00,20323,2:32
42100231,5/1/2022 0:00,17794,2:40
42100211,5/1/2022 0:00,19156,2:28
42100201,5/2/2022 0:00,19620,2:18
42100221,5/2/2022 0:00,17071,2:25
42100212,5/3/2022 0:00,19156,2:32
42100232,5/3/2022 0:00,17794,2:32
42100202,5/4/2022 0:00,19759,2:27
42100222,5/4/2022 0:00,17071,2:24
42100223,5/6/2022 0:00,20777,2:12
42100203,5/6/2022 0:00,21033,2:26
42100213,5/7/2022 0:00,17736,2:38
42100233,5/7/2022 0:00,18064,2:23
42100224,5/8/2022 0:00,20610,2:23
42100204,5/8/2022 0:00,21194,2:34
42100214,5/9/2022 0:00,17505,2:33
42100234,5/9/2022 0:00,18064,2:20
42100225,5/10/2022 0:00,17071,2:19
42100215,5/11/2022 0:00,19156,2:31
42100235,5/11/2022 0:00,17794,2:15
42100206,5/12/2022 0:00,21082,2:16
42100226,5/12/2022 0:00,20777,2:23
42100236,5/13/2022 0:00,18064,2:17
42100216,5/13/2022 0:00,17681,2:28
42100227,5/15/2022 0:00,17071,2:07
42100217,5/15/2022 0:00,19156,2:27
42100301,5/17/2022 0:00,19774,2:37
42100311,5/18/2022 0:00,18064,2:14
42100302,5/19/2022 0:00,20100,2:17
42100312,5/20/2022 0:00,18064,2:33
42100303,5/21/2022 0:00,19156,2:38
42100313,5/22/2022 0:00,20813,2:34
42100314,5/24/2022 0:00,20810,2:32
42100305,5/25/2022 0:00,19819,2:17
42100315,5/26/2022 0:00,18064,2:17
42100306,5/27/2022 0:00,19156,2:41
42100307,5/29/2022 0:00,20200,2:29
42100401,6/2/2022 0:00,18064,2:18
42100403,6/8/2022 0:00,19156,2:26
42100404,6/10/2022 0:00,19156,2:21
42100405,6/13/2022 0:00,18064,2:27
42100406,6/16/2022 0:00,19156,2:21
32100001,2/20/2022 0:00,,2:25
22200001,10/18/2022 0:00,19156,2:32
22200002,10/18/2022 0:00,18064,2:33
22200003,10/19/2022 0:00,20190,2:16
22200012,10/19/2022 0:00,18206,2:16
22200006,10/19/2022 0:00,18003,2:15
22200004,10/19/2022 0:00,15027,2:22
22200014,10/19/2022 0:00,17611,2:25
22200013,10/19/2022 0:00,17071,2:26
22200011,10/19/2022 0:00,16236,2:07
22200010,10/19/2022 0:00,17136,2:22
22200008,10/19/2022 0:00,19800,2:20
22200009,10/19/2022 0:00,18202,2:37
22200007,10/19/2022 0:00,19600,2:21
22200005,10/19/2022 0:00,17878,2:05
22200015,10/20/2022 0:00,20060,2:20
22200016,10/20/2022 0:00,18997,2:31
22200024,10/21/2022 0:00,18055,2:20
22200027,10/21/2022 0:00,19393,2:36
22200025,10/21/2022 0:00,17136,2:37
22200020,10/21/2022 0:00,17822,2:11
22200018,10/21/2022 0:00,12073,2:30
22200023,10/21/2022 0:00,19812,2:12
22200022,10/21/2022 0:00,19600,2:10
22200019,10/21/2022 0:00,20476,2:16
22200034,10/22/2022 0:00,20377,2:18
22200032,10/22/2022 0:00,21089,2:11
22200028,10/22/2022 0:00,19822,2:14
22200033,10/22/2022 0:00,17341,2:12
22200030,10/22/2022 0:00,19299,2:24
22200029,10/22/2022 0:00,16056,2:26
22200036,10/22/2022 0:00,16296,2:30
22200035,10/22/2022 0:00,19983,2:19
22200031,10/22/2022 0:00,19600,2:29
22200041,10/23/2022 0:00,15044,2:10
22200043,10/23/2022 0:00,19068,2:06
22200037,10/23/2022 0:00,18997,2:28
22200038,10/23/2022 0:00,17383,2:19
22200040,10/23/2022 0:00,18665,2:32
22200042,10/23/2022 0:00,18064,2:24
22200039,10/23/2022 0:00,19432,2:34
22200044,10/24/2022 0:00,19786,2:15
22200046,10/24/2022 0:00,18800,2:13
22200047,10/24/2022 0:00,17673,2:08
22200049,10/24/2022 0:00,17392,2:19
22200050,10/24/2022 0:00,15347,2:11
22200051,10/24/2022 0:00,18111,2:11
22200048,10/24/2022 0:00,16260,2:14
22200053,10/25/2022 0:00,14020,2:18
22200055,10/25/2022 0:00,17071,2:23
22200052,10/25/2022 0:00,13196,2:13
22200054,10/25/2022 0:00,13105,2:06
22200058,10/26/2022 0:00,19812,2:46
22200059,10/26/2022 0:00,19800,2:02
22200063,10/26/2022 0:00,18206,2:21
22200065,10/26/2022 0:00,18588,2:05
22200064,10/26/2022 0:00,19520,2:11
22200056,10/26/2022 0:00,,2:26
22200062,10/26/2022 0:00,16165,2:06
22200060,10/26/2022 0:00,17341,2:31
22200061,10/26/2022 0:00,18306,2:26
22200057,10/26/2022 0:00,17987,2:19
22200066,10/27/2022 0:00,18039,2:42
22200069,10/27/2022 0:00,15511,2:08
22200068,10/27/2022 0:00,18064,2:04
22200067,10/27/2022 0:00,14510,2:07
22200076,10/28/2022 0:00,17136,2:29
22200077,10/28/2022 0:00,16562,2:17
22200078,10/28/2022 0:00,19560,2:08
22200071,10/28/2022 0:00,18846,2:16
22200072,10/28/2022 0:00,19156,2:42
22200074,10/28/2022 0:00,13463,2:25
22200079,10/28/2022 0:00,17071,2:13
22200080,10/28/2022 0:00,19082,2:11
22200070,10/28/2022 0:00,18923,2:12
22200073,10/28/2022 0:00,19800,2:06
22200075,10/28/2022 0:00,17341,2:25
22200082,10/29/2022 0:00,19079,2:26
22200085,10/29/2022 0:00,17341,2:16
22200081,10/29/2022 0:00,14618,2:32
22200084,10/29/2022 0:00,19010,2:24
22200087,10/29/2022 0:00,18206,2:15
22200083,10/29/2022 0:00,17732,2:14
22200090,10/30/2022 0:00,19432,2:14
22200091,10/30/2022 0:00,20190,2:18
22200094,10/30/2022 0:00,17071,2:22
22200089,10/30/2022 0:00,19156,2:00
22200095,10/30/2022 0:00,18997,2:07
22200093,10/30/2022 0:00,20042,2:22
22200088,10/30/2022 0:00,18142,1:59
22200092,10/30/2022 0:00,15053,2:15
22200099,10/31/2022 0:00,19800,2:14
22200098,10/31/2022 0:00,15770,2:21
22200101,10/31/2022 0:00,18206,2:16
22200100,10/31/2022 0:00,17341,2:22
22200102,10/31/2022 0:00,14887,2:13
22200097,10/31/2022 0:00,13746,2:14
22200096,10/31/2022 0:00,12020,2:19
22200106,11/1/2022 0:00,17071,2:28
22200105,11/1/2022 0:00,13109,2:12
22200103,11/1/2022 0:00,17732,2:17
22200104,11/1/2022 0:00,19600,2:22
22200108,11/2/2022 0:00,19855,2:14
22200117,11/2/2022 0:00,18997,2:19
22200116,11/2/2022 0:00,19462,2:19
22200110,11/2/2022 0:00,19812,2:11
22200115,11/2/2022 0:00,19877,2:09
22200111,11/2/2022 0:00,17886,2:07
22200107,11/2/2022 0:00,19432,2:36
22200113,11/2/2022 0:00,17341,2:10
22200109,11/2/2022 0:00,19600,2:14
22200114,11/2/2022 0:00,12155,2:04
22200119,11/3/2022 0:00,13791,2:04
22200118,11/3/2022 0:00,18846,2:28
22200123,11/4/2022 0:00,17258,2:05
22200126,11/4/2022 0:00,12603,2:22
22200131,11/4/2022 0:00,18997,2:10
22200124,11/4/2022 0:00,19156,2:31
22200129,11/4/2022 0:00,17136,2:22
22200125,11/4/2022 0:00,17187,2:08
22200130,11/4/2022 0:00,17071,2:14
22200128,11/4/2022 0:00,18451,2:15
22200127,11/4/2022 0:00,20177,2:21
22200121,11/4/2022 0:00,13141,2:22
22200122,11/4/2022 0:00,20679,2:20
22200120,11/4/2022 0:00,18744,2:07
22200137,11/5/2022 0:00,16412,2:16
22200134,11/5/2022 0:00,17654,2:32
22200136,11/5/2022 0:00,17713,2:09
22200135,11/5/2022 0:00,19812,2:04
22200132,11/5/2022 0:00,18846,2:35
22200133,11/5/2022 0:00,19398,2:17
22200138,11/5/2022 0:00,19641,1:58
22200139,11/5/2022 0:00,17071,2:18
22200143,11/6/2022 0:00,16111,2:11
22200140,11/6/2022 0:00,18997,2:18
22200142,11/6/2022 0:00,16877,2:06
22200155,11/7/2022 0:00,20011,2:19
22200154,11/7/2022 0:00,11574,2:11
22200156,11/7/2022 0:00,18064,2:22
22200148,11/7/2022 0:00,20347,2:17
22200153,11/7/2022 0:00,14524,2:17
22200144,11/7/2022 0:00,13712,2:12
22200147,11/7/2022 0:00,14052,2:12
22200157,11/7/2022 0:00,18206,2:12
22200145,11/7/2022 0:00,15441,2:25
22200152,11/7/2022 0:00,17371,2:08
22200151,11/7/2022 0:00,21142,2:11
22200146,11/7/2022 0:00,16223,2:14
22200158,11/7/2022 0:00,16516,2:20
22200162,11/9/2022 0:00,15845,2:03
22200170,11/9/2022 0:00,19068,2:14
22200166,11/9/2022 0:00,19621,2:18
22200161,11/9/2022 0:00,18165,2:10
22200159,11/9/2022 0:00,14774,2:11
22200168,11/9/2022 0:00,15180,2:56
22200169,11/9/2022 0:00,13507,2:28
22200167,11/9/2022 0:00,16062,2:13
22200163,11/9/2022 0:00,19156,2:12
22200165,11/9/2022 0:00,19800,2:13
22200164,11/9/2022 0:00,18156,2:09
22200160,11/9/2022 0:00,14069,2:13
22200172,11/10/2022 0:00,18320,2:11
22200173,11/10/2022 0:00,16066,2:18
22200174,11/10/2022 0:00,19600,2:39
22200177,11/11/2022 0:00,15879,2:03
22200182,11/11/2022 0:00,18064,2:22
22200178,11/11/2022 0:00,19812,2:26
22200179,11/11/2022 0:00,16104,2:06
22200180,11/11/2022 0:00,15642,2:13
22200183,11/11/2022 0:00,17849,2:11
22200181,11/11/2022 0:00,16939,2:17
22200186,11/12/2022 0:00,20190,2:10
22200187,11/12/2022 0:00,13089,2:17
22200190,11/12/2022 0:00,20277,2:14
22200191,11/12/2022 0:00,15367,2:16
22200189,11/12/2022 0:00,19600,2:06
22200184,11/12/2022 0:00,17777,2:15
22200188,11/12/2022 0:00,20245,2:26
22200197,11/13/2022 0:00,16410,2:12
22200196,11/13/2022 0:00,21602,2:05
22200193,11/13/2022 0:00,19432,2:32
22200198,11/13/2022 0:00,18040,2:15
22200192,11/13/2022 0:00,18325,2:15
22200195,11/13/2022 0:00,19761,2:24
22200194,11/13/2022 0:00,17667,2:13
22200200,11/14/2022 0:00,15018,2:17
22200205,11/14/2022 0:00,18064,2:23
22200201,11/14/2022 0:00,19156,2:15
22200199,11/14/2022 0:00,16988,2:24
22200202,11/14/2022 0:00,19600,2:10
22200204,11/14/2022 0:00,17341,2:21
22200206,11/15/2022 0:00,14032,2:16
22200207,11/15/2022 0:00,19810,2:22
22200210,11/15/2022 0:00,17611,2:22
22200209,11/15/2022 0:00,19012,2:12
22200208,11/15/2022 0:00,18206,2:12
22200213,11/16/2022 0:00,12630,2:16
22200211,11/16/2022 0:00,14756,2:15
22200212,11/16/2022 0:00,16527,2:07
22200214,11/16/2022 0:00,18165,2:03
22200220,11/16/2022 0:00,17071,2:18
22200219,11/16/2022 0:00,18210,2:18
22200218,11/16/2022 0:00,19602,2:11
22200221,11/17/2022 0:00,19393,2:28
22200222,11/17/2022 0:00,16522,2:08
22200226,11/18/2022 0:00,19769,2:24
22200231,11/18/2022 0:00,17828,2:01
22200229,11/18/2022 0:00,17324,2:13
22200227,11/18/2022 0:00,21031,2:16
22200228,11/18/2022 0:00,15882,2:34
22200230,11/18/2022 0:00,20135,2:04
22200232,11/18/2022 0:00,18206,2:16
22200233,11/18/2022 0:00,18064,2:20
22200234,11/18/2022 0:00,18095,2:26
22200224,11/18/2022 0:00,18772,2:31
22200225,11/18/2022 0:00,19432,2:53
22200236,11/19/2022 0:00,14478,2:11
22200235,11/19/2022 0:00,18051,2:40
22200237,11/19/2022 0:00,20515,2:23
22200238,11/19/2022 0:00,19595,2:18
22200239,11/19/2022 0:00,18581,2:02
22200243,11/20/2022 0:00,18241,2:12
22200245,11/20/2022 0:00,18055,2:09
22200241,11/20/2022 0:00,14289,2:17
22200246,11/20/2022 0:00,20244,2:12
22200247,11/20/2022 0:00,18211,2:02
22200242,11/20/2022 0:00,17866,2:29
22200240,11/20/2022 0:00,17071,2:04
22200244,11/20/2022 0:00,19432,2:07
22200248,11/21/2022 0:00,19432,2:17
22200249,11/21/2022 0:00,14029,2:21
22200253,11/21/2022 0:00,18589,2:06
22200252,11/21/2022 0:00,16583,2:21
22200254,11/21/2022 0:00,15079,2:11
22200251,11/21/2022 0:00,17341,2:13
22200255,11/21/2022 0:00,19068,2:14
22200250,11/21/2022 0:00,20786,2:05
22200257,11/22/2022 0:00,16826,2:27
22200258,11/22/2022 0:00,19635,2:19
22200259,11/22/2022 0:00,17071,2:19
22200256,11/22/2022 0:00,20184,2:17
22200269,11/23/2022 0:00,14947,2:11
22200261,11/23/2022 0:00,19432,2:09
22200267,11/23/2022 0:00,17341,2:24
22200260,11/23/2022 0:00,16910,2:13
22200266,11/23/2022 0:00,19800,2:05
22200262,11/23/2022 0:00,15751,2:13
22200268,11/23/2022 0:00,13656,2:37
22200263,11/23/2022 0:00,18173,2:10
22200264,11/23/2022 0:00,19156,2:10
22200270,11/23/2022 0:00,18206,2:08
22200265,11/23/2022 0:00,19600,2:15
22200271,11/23/2022 0:00,18064,2:17
22200278,11/25/2022 0:00,16669,2:29
22200285,11/25/2022 0:00,16559,2:18
22200276,11/25/2022 0:00,15404,2:20
22200282,11/25/2022 0:00,18354,2:05
22200272,11/25/2022 0:00,17924,2:20
22200274,11/25/2022 0:00,19812,2:49
22200279,11/25/2022 0:00,17794,2:14
22200275,11/25/2022 0:00,19156,2:10
22200280,11/25/2022 0:00,17447,2:11
22200281,11/25/2022 0:00,16082,2:31
22200283,11/25/2022 0:00,17071,2:13
22200277,11/25/2022 0:00,19600,2:21
22200284,11/25/2022 0:00,18064,2:06
22200289,11/26/2022 0:00,17071,2:07
22200288,11/26/2022 0:00,18354,2:21
22200287,11/26/2022 0:00,15151,2:10
22200297,11/27/2022 0:00,16218,2:10
22200298,11/27/2022 0:00,17341,2:13
22200296,11/27/2022 0:00,19524,2:28
22200294,11/27/2022 0:00,19156,2:08
22200293,11/27/2022 0:00,17268,2:06
22200292,11/27/2022 0:00,16805,2:16
22200291,11/27/2022 0:00,17136,2:17
22200290,11/27/2022 0:00,17732,2:10
22200295,11/27/2022 0:00,18240,2:20
22200305,11/28/2022 0:00,16027,2:13
22200299,11/28/2022 0:00,19778,2:19
22200300,11/28/2022 0:00,13515,2:17
22200301,11/28/2022 0:00,19156,1:56
22200303,11/28/2022 0:00,19800,2:01
22200306,11/28/2022 0:00,18206,2:09
22200307,11/28/2022 0:00,16407,2:10
22200302,11/28/2022 0:00,15704,2:04
22200309,11/29/2022 0:00,14864,2:03
22200310,11/29/2022 0:00,20277,2:32
22200311,11/29/2022 0:00,17251,2:25
22200314,11/30/2022 0:00,19156,2:01
22200318,11/30/2022 0:00,14845,2:10
22200323,11/30/2022 0:00,17611,2:22
22200321,11/30/2022 0:00,17071,2:11
22200315,11/30/2022 0:00,15963,2:23
22200324,11/30/2022 0:00,18560,2:09
22200320,11/30/2022 0:00,16286,2:03
22200319,11/30/2022 0:00,15605,2:09
22200312,11/30/2022 0:00,19432,2:03
22200316,11/30/2022 0:00,17277,2:18
22200325,12/1/2022 0:00,18106,2:33
22200334,12/2/2022 0:00,17071,2:18
22200335,12/2/2022 0:00,18206,2:29
22200332,12/2/2022 0:00,17022,2:13
22200328,12/2/2022 0:00,19156,2:33
22200336,12/2/2022 0:00,18064,2:23
22200329,12/2/2022 0:00,17732,2:17
22200330,12/2/2022 0:00,19432,2:09
22200327,12/2/2022 0:00,16974,2:06
22200326,12/2/2022 0:00,15231,2:19
22200331,12/2/2022 0:00,17938,2:22
22200338,12/3/2022 0:00,16587,2:17
22200340,12/3/2022 0:00,19800,2:12
22200342,12/3/2022 0:00,18064,2:05
22200341,12/3/2022 0:00,17136,2:31
22200343,12/3/2022 0:00,18206,2:15
22200339,12/3/2022 0:00,18128,2:15
22200337,12/3/2022 0:00,18319,2:03
22200346,12/4/2022 0:00,18043,2:08
22200348,12/4/2022 0:00,19007,2:11
22200344,12/4/2022 0:00,15658,2:19
22200349,12/4/2022 0:00,19647,2:09
22200347,12/4/2022 0:00,20088,2:13
22200345,12/4/2022 0:00,16409,2:08
22200351,12/4/2022 0:00,17479,2:07
22200350,12/4/2022 0:00,17611,2:10
22200353,12/5/2022 0:00,16174,2:18
22200358,12/5/2022 0:00,20227,2:10
22200352,12/5/2022 0:00,13945,2:09
22200359,12/5/2022 0:00,18064,2:15
22200356,12/5/2022 0:00,15331,2:58
22200354,12/5/2022 0:00,16301,2:13
22200355,12/5/2022 0:00,19800,2:11
22200361,12/6/2022 0:00,19600,2:09
22200362,12/6/2022 0:00,19520,2:31
22200365,12/7/2022 0:00,18091,2:20
22200364,12/7/2022 0:00,16903,2:12
22200363,12/7/2022 0:00,14429,2:42
22200366,12/7/2022 0:00,19800,2:12
22200369,12/7/2022 0:00,17341,2:10
22200368,12/7/2022 0:00,15942,2:03
22200370,12/7/2022 0:00,15472,2:18
22200367,12/7/2022 0:00,19265,2:16
22200371,12/7/2022 0:00,14073,2:14
22200372,12/7/2022 0:00,18206,2:17
22200373,12/7/2022 0:00,17071,2:03
22200375,12/8/2022 0:00,13140,2:06
22200374,12/8/2022 0:00,19600,2:10
22200385,12/9/2022 0:00,18206,2:08
22200381,12/9/2022 0:00,19432,2:17
22200386,12/9/2022 0:00,20277,2:27
22200379,12/9/2022 0:00,17008,2:11
22200378,12/9/2022 0:00,15039,2:18
22200384,12/9/2022 0:00,16381,2:13
22200380,12/9/2022 0:00,18072,2:16
22200377,12/9/2022 0:00,17696,2:15
22200394,12/10/2022 0:00,18324,2:23
22200391,12/10/2022 0:00,19528,2:02
22200388,12/10/2022 0:00,14280,2:29
22200392,12/10/2022 0:00,18064,2:14
22200390,12/10/2022 0:00,19432,2:06
22200393,12/10/2022 0:00,19636,2:08
22200389,12/10/2022 0:00,18404,2:17
22200396,12/11/2022 0:00,20190,2:11
22200399,12/11/2022 0:00,19765,2:16
22200395,12/11/2022 0:00,18681,2:37
22200398,12/11/2022 0:00,16891,2:24
22200397,12/11/2022 0:00,19812,2:17
22200401,12/11/2022 0:00,16268,2:05
22200402,12/12/2022 0:00,15309,2:12
22200404,12/12/2022 0:00,16544,2:06
22200406,12/12/2022 0:00,13434,2:13
22200405,12/12/2022 0:00,19877,2:16
22200407,12/12/2022 0:00,18021,2:03
22200403,12/12/2022 0:00,16090,2:06
22200413,12/13/2022 0:00,18661,2:30
22200412,12/13/2022 0:00,18206,2:14
22200409,12/13/2022 0:00,19768,2:14
22200411,12/13/2022 0:00,15128,2:11
22200410,12/13/2022 0:00,17628,2:22
22200423,12/14/2022 0:00,14063,2:20
22200421,12/14/2022 0:00,20093,2:09
22200418,12/14/2022 0:00,18820,2:38
22200420,12/14/2022 0:00,13657,2:08
22200417,12/14/2022 0:00,19800,2:17
22200422,12/14/2022 0:00,19550,2:18
22200415,12/14/2022 0:00,15069,2:19
22200416,12/14/2022 0:00,16002,2:17
22200426,12/15/2022 0:00,18206,2:49
22200424,12/15/2022 0:00,16210,2:14
22200427,12/15/2022 0:00,15778,2:09
22200425,12/15/2022 0:00,17794,2:15
22200428,12/16/2022 0:00,17772,2:14
22200436,12/16/2022 0:00,20191,2:09
22200431,12/16/2022 0:00,19432,2:10
22200429,12/16/2022 0:00,17892,2:20
22200434,12/16/2022 0:00,19661,2:07
22200437,12/16/2022 0:00,18505,2:21
22200430,12/16/2022 0:00,19156,2:26
22200433,12/16/2022 0:00,19800,2:20
22200432,12/16/2022 0:00,20567,2:15
22200443,12/17/2022 0:00,16895,2:19
22200444,12/17/2022 0:00,17071,2:19
22200438,12/17/2022 0:00,15018,2:17
22200439,12/17/2022 0:00,20160,2:34
22200441,12/17/2022 0:00,16217,2:15
22200440,12/17/2022 0:00,19432,2:37
22200442,12/17/2022 0:00,17587,1:57
22200446,12/18/2022 0:00,14513,2:25
22200449,12/18/2022 0:00,16294,2:08
22200447,12/18/2022 0:00,19488,2:18
22200448,12/18/2022 0:00,19800,2:19
22200451,12/18/2022 0:00,18153,2:10
22200445,12/18/2022 0:00,19156,2:09
22200450,12/18/2022 0:00,19235,2:18
22200453,12/19/2022 0:00,20408,2:29
22200454,12/19/2022 0:00,17809,2:19
22200456,12/19/2022 0:00,16627,2:13
22200458,12/19/2022 0:00,14672,2:19
22200457,12/19/2022 0:00,18271,2:21
22200452,12/19/2022 0:00,19432,2:07
22200460,12/19/2022 0:00,17803,2:25
22200463,12/20/2022 0:00,19812,2:14
22200462,12/20/2022 0:00,19969,2:04
22200464,12/20/2022 0:00,17071,2:20
22200465,12/20/2022 0:00,19605,2:23
22200461,12/20/2022 0:00,15622,2:06
22200466,12/21/2022 0:00,19432,2:23
22200471,12/21/2022 0:00,19294,2:15
22200476,12/21/2022 0:00,19068,2:18
22200475,12/21/2022 0:00,17611,2:21
22200469,12/21/2022 0:00,19156,2:10
22200474,12/21/2022 0:00,15107,2:10
22200472,12/21/2022 0:00,15965,2:09
22200468,12/21/2022 0:00,17226,2:13
22200470,12/21/2022 0:00,18026,2:06
22200467,12/21/2022 0:00,20615,2:13
22200478,12/22/2022 0:00,18206,2:06
22200484,12/23/2022 0:00,19432,2:05
22200492,12/23/2022 0:00,18997,2:18
22200490,12/23/2022 0:00,17071,2:25
22200491,12/23/2022 0:00,17894,2:16
22200489,12/23/2022 0:00,19619,2:14
22200488,12/23/2022 0:00,15214,2:31
22200487,12/23/2022 0:00,16989,2:20
22200486,12/23/2022 0:00,19600,2:13
22200481,12/23/2022 0:00,17028,2:07
22200480,12/23/2022 0:00,19996,2:15
22200479,12/23/2022 0:00,18425,2:12
22200493,12/25/2022 0:00,19812,2:16
22200494,12/25/2022 0:00,20441,2:23
22200496,12/25/2022 0:00,18064,2:31
22200497,12/25/2022 0:00,19642,2:51
22200504,12/26/2022 0:00,19530,2:15
22200498,12/26/2022 0:00,19432,2:21
22200503,12/26/2022 0:00,16351,2:18
22200500,12/26/2022 0:00,19911,2:12
22200499,12/26/2022 0:00,20190,2:39
22200501,12/26/2022 0:00,21561,2:03
22200502,12/26/2022 0:00,18636,2:11
22200509,12/27/2022 0:00,19800,2:09
22200508,12/27/2022 0:00,16738,2:14
22200513,12/27/2022 0:00,18064,2:15
22200514,12/27/2022 0:00,17937,2:13
22200510,12/27/2022 0:00,18239,2:24
22200507,12/27/2022 0:00,19156,2:01
22200512,12/27/2022 0:00,20377,2:31
22200522,12/28/2022 0:00,17985,2:14
22200519,12/28/2022 0:00,21537,2:44
22200520,12/28/2022 0:00,18669,2:35
22200515,12/28/2022 0:00,20190,2:35
22200516,12/28/2022 0:00,20476,2:15
22200521,12/28/2022 0:00,18064,2:18
22200518,12/28/2022 0:00,20221,2:07
22200524,12/29/2022 0:00,17274,2:10
22200526,12/29/2022 0:00,19800,2:11
22200525,12/29/2022 0:00,19156,2:11
22200527,12/29/2022 0:00,18354,2:19
22200523,12/29/2022 0:00,19425,2:10
22200528,12/29/2022 0:00,20307,2:12
22200537,12/30/2022 0:00,17946,2:19
22200535,12/30/2022 0:00,19638,2:16
22200533,12/30/2022 0:00,18018,2:29
22200536,12/30/2022 0:00,18064,2:17
22200534,12/30/2022 0:00,18656,2:18
22200529,12/30/2022 0:00,19040,2:10
22200532,12/30/2022 0:00,21667,2:09
22200531,12/30/2022 0:00,19800,2:19
22200542,12/31/2022 0:00,18354,2:18
22200546,12/31/2022 0:00,18206,2:27
22200541,12/31/2022 0:00,18055,2:13
22200545,12/31/2022 0:00,17147,2:08
22200544,12/31/2022 0:00,16233,2:17
22200543,12/31/2022 0:00,17951,2:37
22200539,12/31/2022 0:00,19386,2:05
